,Unnamed: 0,PRIMARY_MAGNITUDE,FOCAL_DEPTH,COUNTRY,LATITUDE,REGION,LONGITUDE,DISTANCE
246,246,4.4,30,SPAIN,36.37,0,-6.98,59.6277
125,125,4.5,33,USA,19.1,0,-155,24.8598
180,180,4.6,7,ITALY,44.08,1,8,-13.7355
198,198,5.1,7,RUSSIA,43.84,0,39.34,2.90486
290,290,5.1,23,JAPAN,37.447,0,137.865,38.1504
310,310,5.3,11,ITALY,37.3,0,15.438,15.4914
394,394,5.3,27,JORDAN,31.675,0,35.551,3.16809
591,591,5.3,33,PHILIPPINES,20.6,0,122,12.6724
273,273,5.4,29,GREECE,38.396,1,22.094,-0.507286
298,298,5.4,53,PHILIPPINES,18.606,1,121.013,-0.240818
205,205,5.5,29,RUSSIA,46.7,0,141.4,31.74
275,275,5.5,41,JAPAN,31.448,0,140.036,110.781
586,586,5.5,33,INDONESIA,-3.7,0,119.3,16.4373
313,313,5.7,39,RUSSIA,48.268,0,154.328,56.3515
357,357,5.7,33,JAPAN,31.555,0,139.931,101.692
388,388,5.7,8,ALGERIA,36.939,0,3.578,13.7352
568,568,5.7,33,RUSSIA,56,0,162.5,19.4347
611,611,5.7,33,JAPAN,31.594,0,140.167,103.189
45,45,5.8,33,TAIWAN,23.2,0,121.6,16.8147
606,606,5.8,12,GUADELOUPE (FRENCH TERRITORY),15.775,0,-61.744,12.6727
116,116,5.9,150,RUSSIA,54.6,0,163.5,88.6107
267,267,5.9,26,JAPAN,40.249,0,138.948,70.4988
25,25,6,33,JAPAN,39,0,143,94.1797
59,59,6,27,UKRAINE,44.4,0,34.4,16.9795
92,92,6,60,JAPAN,37,0,141.5,45.4248
195,195,6,29,USA,57.5,1,-153.9,-0.586128
208,208,6,21,RUSSIA,46.4,0,141.1,13.1644
556,556,6,29,GREECE,38,1,23,-3.8602
560,560,6,33,INDONESIA,-5.6,0,105.3,2.43812
130,130,6.1,30,JAPAN,38.9,0,142.2,31.9393
332,332,6.1,17,INDONESIA,-10.341,0,113.369,200.749
373,373,6.1,10,JAPAN,34.221,1,139.131,-0.90984
374,374,6.1,10,JAPAN,34.319,0,139.26,3.47946
378,378,6.1,20,CANADA,52.63,0,-132.2,11.3559
392,392,6.1,10,NEW CALEDONIA,-22.107,0,169.35,71.1595
500,500,6.1,10,USA,58.358,0,-137.13,4.92964
529,529,6.1,5,ITALY,43.4,1,10.6,-11.1088
579,579,6.1,33,CROATIA,43.3,1,17.1,-5.0564
587,587,6.1,100,INDONESIA,5.5,0,97.3,32.9618
207,207,6.2,16,RUSSIA,46.3,0,140.9,23.3072
254,254,6.2,15,JAPAN,34.808,0,139.181,8.41475
365,365,6.2,10,JAPAN,31.959,0,141.878,203.622
422,422,6.2,5,RUSSIA,47.116,0,141.798,20.9638
524,524,6.2,33,UK,51.019,0,1.309,9.45916
30,30,6.3,33,JAPAN,40.5,0,142.5,63.3962
132,132,6.3,20,JAPAN,44.3,0,144.1,19.1225
165,165,6.3,40,JAPAN,40.4,0,138.9,79.6144
311,311,6.3,10,TAIWAN,23.722,0,121.627,6.90626
322,322,6.3,11,JAPAN,37.634,0,137.245,9.76236
325,325,6.3,13,JAPAN,41.985,0,139.839,19.0841
399,399,6.3,14,GUADELOUPE (FRENCH TERRITORY),15.679,0,-61.706,21.768
476,476,6.3,11,VANUATU,-18.972,0,168.741,26.7279
583,583,6.3,18,GREECE,39.4,0,24,4.46321
61,61,6.4,20,JAPAN,34.2,0,142,184.289
148,148,6.4,20,JAPAN,36,0,141.9,98.6217
176,176,6.4,30,PAPUA NEW GUINEA,-4.4,0,152.5,13.0684
247,247,6.4,10,JAPAN,40.232,0,143.703,151.249
263,263,6.4,22,JAPAN,33.826,0,139.434,15.3422
280,280,6.4,13,GUADELOUPE (FRENCH TERRITORY),17.013,0,-62.448,13.9654
306,306,6.4,14,JAPAN,34.706,0,139.252,9.18605
329,329,6.4,13,JAPAN,40.608,0,143.683,149.777
442,442,6.4,40,JAPAN,34.743,0,138.264,2.50309
504,504,6.4,10,VANUATU,-16.431,0,168.148,5.79086
544,544,6.4,33,PHILIPPINES,18,0,119.5,96.7646
547,547,6.4,33,PHILIPPINES,6,1,125,-11.4577
594,594,6.4,29,GREECE,38.209,1,23.288,-9.74001
598,598,6.4,10,WALLIS AND FUTUNA (FRENCH TERRITORY),-14.385,0,-178.252,13.974
605,605,6.4,33,JAPAN,23.346,0,124.09,83.4401
70,70,6.5,33,PAPUA NEW GUINEA,-1.3,0,144.3,4.34108
96,96,6.5,16,PORTUGAL,37.053,0,-24.427,54.2204
114,114,6.5,15,GREECE,38.532,0,20.427,10.7455
149,149,6.5,20,JAPAN,36.2,0,141.9,107.543
169,169,6.5,40,USA,53.03,0,-167.55,25.5902
175,175,6.5,10,VENEZUELA,10.6,0,-67.3,8.0644
190,190,6.5,41,JAPAN,32.2,0,132.1,44.3231
304,304,6.5,10,JAPAN,39.571,0,143.333,109.16
309,309,6.5,10,JAPAN,33.267,0,138.643,95.7137
375,375,6.5,10,JAPAN,33.901,0,139.376,18.3488
384,384,6.5,21,INDIA,13.036,0,93.068,4.128
431,431,6.5,25,INDONESIA,-2.486,0,99.972,3.39683
459,459,6.5,24,VANUATU,-19.157,0,168.311,76.2965
486,486,6.5,17,NEW ZEALAND,-41.704,0,174.337,5.88961
487,487,6.5,10,NEW ZEALAND,-41.767,1,174.061,-12.859
499,499,6.5,11,JAPAN,37.04,0,142.425,126.535
530,530,6.5,150,INDONESIA,-6.5,0,105.5,14.0749
574,574,6.5,33,PAPUA NEW GUINEA,-6.9,0,155.7,2.13943
590,590,6.5,44,RUSSIA,43,1,47.1,-452.055
95,95,6.6,20,JAPAN,32.3,0,132,33.5164
150,150,6.6,80,RUSSIA,43.2,0,147.9,103.996
152,152,6.6,60,JAPAN,29.6,0,131.8,117.313
187,187,6.6,38,TURKEY,41.8,0,32.3,7.3127
206,206,6.6,6,RUSSIA,46.4,0,141.1,13.1644
241,241,6.6,33,RUSSIA,44.14,0,149.029,126.108
270,270,6.6,29,PHILIPPINES,18.231,1,120.86,-30.77
305,305,6.6,26,PHILIPPINES,9.755,0,124.694,11.9581
331,331,6.6,26,INDONESIA,-10.362,0,112.892,212.53
360,360,6.6,10,JAPAN,30.568,0,131.093,5.04503
397,397,6.6,10,CANADA,49.277,0,-128.772,113.569
404,404,6.6,28,JAPAN,34.064,0,141.491,161.496
421,421,6.6,10,JAPAN,37.57,0,138.478,17.4894
447,447,6.6,26,SOLOMON ISLANDS,-8.743,1,157.477,-0.560606
541,541,6.6,100,JAPAN,40.5,0,142,27.0185
546,546,6.6,33,INDONESIA,-7,0,116,12.1252
549,549,6.6,20,NICARAGUA,12.33,0,-88.291,91.2283
561,561,6.6,35,PAPUA NEW GUINEA,-4.423,0,145.46,7.16767
576,576,6.6,33,PAPUA NEW GUINEA,-9.4,0,152.3,23.2987
141,141,6.7,10,JAPAN,37.5,0,143.2,164.899
143,143,6.7,20,JAPAN,39.4,0,143.7,141.464
146,146,6.7,30,JAPAN,40.3,0,142.5,55.8706
219,219,6.7,14,CHILE,-32.5,0,-71.5,3.83442
222,222,6.7,2,JAPAN,34.6,0,138.7,7.38155
223,223,6.7,43,RUSSIA,43.2,0,146.7,48.8535
240,240,6.7,33,RUSSIA,44.026,0,149.002,136.536
256,256,6.7,33,GREECE,38.222,1,22.934,-0.206988
286,286,6.7,48,JAPAN,36.988,0,141.689,63.7689
289,289,6.7,54,JAPAN,32.034,0,131.837,28.6747
314,314,6.7,20,USA,58.427,0,-175.45,249.975
349,349,6.7,20,CHILE,-28.906,1,-71.417,-7.90884
361,361,6.7,22,JAPAN,31.885,0,131.468,3.29257
363,363,6.7,49,JAPAN,31.789,1,131.314,-13.8734
393,393,6.7,17,INDONESIA,-3.12,0,127.4,20.6378
406,406,6.7,19,INDONESIA,-1.644,0,99.607,33.9188
410,410,6.7,30,INDONESIA,-3.595,1,127.214,-3.60299
414,414,6.7,39,USA,19.878,0,-155.935,3.86515
419,419,6.7,8,JAPAN,37.336,0,136.588,12.6562
423,423,6.7,21,USA,51.307,0,-179.971,39.3607
443,443,6.7,20,INDONESIA,-1.479,0,99.49,29.7717
490,490,6.7,20,CHILE,-19.925,0,-70.628,49.0483
503,503,6.7,23,JAPAN,39.83,0,142.89,76.7539
506,506,6.7,12,SOLOMON ISLANDS,-9.303,0,158.396,49.1643
511,511,6.7,12,JAPAN,30.991,0,128.877,59.0068
543,543,6.7,14,GREECE,38.5,0,20.7,2.2374
595,595,6.7,48,VANUATU,-14.074,0,167.828,24.8892
599,599,6.7,18,USA,34.213,1,-118.537,-20.6557
3,3,6.8,40,INDONESIA,-3.75,0,127.75,18.0321
35,35,6.8,33,USA,19,0,-155,32.9623
62,62,6.8,17,UKRAINE,44.4,0,34.5,21.9131
138,138,6.8,40,JAPAN,37.5,0,142.2,100.519
147,147,6.8,40,JAPAN,36,0,142.3,133.409
164,164,6.8,15,RUSSIA,47.159,0,153.876,88.2722
235,235,6.8,33,SOLOMON ISLANDS,-9.828,0,163.323,145.095
242,242,6.8,46,RUSSIA,44.209,0,148.971,117.313
278,278,6.8,33,RUSSIA,56.194,0,163.46,6.21646
299,299,6.8,53,PAPUA NEW GUINEA,-5.964,0,148.78,5.19974
335,335,6.8,17,INDONESIA,-1.258,0,127.98,20.7317
342,342,6.8,23,PHILIPPINES,12.047,0,125.92,40.5252
359,359,6.8,20,TAIWAN,21.898,0,121.498,11.7336
379,379,6.8,14,TAIWAN,23.954,0,122.734,59.4171
387,387,6.8,12,ALGERIA,36.964,0,3.634,14.5362
434,434,6.8,25,JAPAN,41.892,0,143.754,39.3264
449,449,6.8,15,SOLOMON ISLANDS,-9.019,0,157.551,25.9265
460,460,6.8,28,CHILE,-36.474,0,-73.125,16.3182
469,469,6.8,32,USA,52.171,0,-171.708,40.4564
531,531,6.8,50,INDONESIA,-3,0,127.25,28.794
542,542,6.8,33,NEW ZEALAND,-41.8,1,171.5,-3.18453
577,577,6.8,93,PERU,-6.8,0,-80.7,19.6759
580,580,6.8,35,PANAMA,8.008,0,-82.757,13.4152
6,6,6.9,13,ITALY,38.3,1,15.967,-14.0231
37,37,6.9,33,JAPAN,35.4,1,136.3,-37.5736
58,58,6.9,35,SOLOMON ISLANDS,-9.674,0,159.519,16.8972
60,60,6.9,10,JAPAN,37.9,0,142,56.5074
93,93,6.9,10,JAPAN,36.7,0,142.1,104.943
110,110,6.9,12,NEW ZEALAND,-38.42,0,178.88,44.5772
121,121,6.9,12,USA,19.5,0,-156,2.48091
154,154,6.9,60,JAPAN,42.7,0,145.7,53.7062
162,162,6.9,30,JAPAN,40.3,0,139,66.3381
188,188,6.9,13,INDONESIA,-3.1,1,118.9,-7.2278
249,249,6.9,10,SERBIA AND MONTENEGRO,42.096,1,19.209,-9.09374
260,260,6.9,44,JAPAN,42.158,0,142.361,16.8227
264,264,6.9,17,INDONESIA,-4.056,0,127.924,31.1171
268,268,6.9,10,JAPAN,41.346,0,139.099,26.8803
277,277,6.9,48,JAPAN,34.006,0,141.5,164.818
303,303,6.9,19,USA,37.036,1,-121.883,-5.43243
312,312,6.9,10,SOLOMON ISLANDS,-9.929,0,159.139,65.1893
339,339,6.9,22,JAPAN,34.583,1,135.018,-0.252876
358,358,6.9,10,CHILE,-22.118,0,-113.436,683.919
413,413,6.9,28,SAMOA,-16.592,0,-172.033,194.677
433,433,6.9,22,JAPAN,37.552,0,142.214,98.7467
451,451,6.9,11,CHILE,-34.29,1,-71.891,-7.39299
455,455,6.9,10,USA TERRITORY,12.484,0,141.476,317.972
472,472,6.9,12,JAPAN,40.887,0,144.944,181.847
497,497,6.9,20,NEW ZEALAND,-30.118,0,-177.67,74.7531
508,508,6.9,29,USA,52.736,0,-169.446,14.5941
510,510,6.9,10,CHILE,-29.439,0,-72.105,55.2946
516,516,6.9,11,JAPAN,37.392,0,141.403,34.4401
519,519,6.9,21,SOLOMON ISLANDS,-10.73,0,161.107,46.5835
522,522,6.9,17,FIJI,-19.326,0,176.053,186.466
528,528,6.9,18,ITALY,38.783,1,16.467,-9.50025
562,562,6.9,33,ECUADOR,-2,0,-81,17.8532
592,592,6.9,24,PHILIPPINES,8.249,0,122.403,20.7978
14,14,7,50,INDONESIA,-8,0,115.5,16.5225
16,16,7,20,INDONESIA,0.009,0,98,16.6553
17,17,7,70,INDONESIA,1,1,97.5,-9.90167
40,40,7,33,PAPUA NEW GUINEA,-7,0,148,31.0362
43,43,7,25,PANAMA,9.6,0,-82,35.5241
66,66,7,40,JAPAN,40,0,143.2,103.99
76,76,7,33,MEXICO,19,0,-104.5,9.3629
80,80,7,5,MEXICO,18.5,0,-105.5,107.367
82,82,7,10,JAPAN,40.7,0,144.3,162.207
94,94,7,50,JAPAN,37,0,142.2,105.279
111,111,7,33,JAPAN,43.8,0,141,25.3878
124,124,7,20,JAPAN,41.7,0,143.6,37.4704
153,153,7,80,JAPAN,42.9,0,145.6,29.6531
156,156,7,60,JAPAN,42.2,0,143.9,46.5293
157,157,7,40,MEXICO,17.2,1,-99.6,-50.5179
170,170,7,13,VANUATU,-15.8,0,167.2,6.3902
197,197,7,34,JAPAN,32.2,0,131.7,11.9545
220,220,7,34,SOLOMON ISLANDS,-7.5,0,155.9,33.9042
226,226,7,15,RUSSIA,43.024,0,147.734,110.906
231,231,7,41,RUSSIA,44.915,0,149.123,53.7218
253,253,7,44,RUSSIA,43.53,0,146.753,19.502
276,276,7,46,JAPAN,32.386,0,131.945,23.1244
292,292,7,25,PAPUA NEW GUINEA,-7.288,0,154.371,120.861
307,307,7,22,COSTA RICA,9.919,0,-84.808,7.08593
319,319,7,29,JAPAN,39.419,0,143.33,110.139
327,327,7,34,RUSSIA,51.934,0,158.647,26.775
328,328,7,20,INDONESIA,1.015,0,127.733,4.60624
333,333,7,10,USA,40.402,0,-125.68,109.273
390,390,7,10,JAPAN,37.812,0,142.619,104.309
401,401,7,39,JAPAN,43.006,0,145.119,2.9898
409,409,7,11,JAPAN,38.107,0,144.896,282.421
416,416,7,10,CHINA,21.799,0,120.547,24.4184
466,466,7,23,JAPAN,38.034,0,143.264,149.823
468,468,7,28,VANUATU,-18.311,0,168.218,54.8451
471,471,7,23,VANUATU,-17.827,0,167.133,107.414
485,485,7,21,SOLOMON ISLANDS,-10.928,0,166.018,11.526
507,507,7,10,SOLOMON ISLANDS,-10.444,0,165.172,59.5595
517,517,7,10,NICARAGUA,11.96,0,-88.835,135.763
525,525,7,70,GREECE,36,0,25,29.4995
532,532,7,12,NEW ZEALAND,-38.85,0,178.85,61.3951
534,534,7,70,INDONESIA,-3,0,127.75,8.57789
537,537,7,33,JAPAN,37.4,0,142.6,132.457
550,550,7,15,CHILE,-38,0,-73.5,2.29154
557,557,7,33,PHILIPPINES,12.4,0,120.9,7.4717
559,559,7,33,CANADA,51,0,-131,102.482
572,572,7,100,CHILE,-22.5,1,-69,-129.608
602,602,7,20,VENEZUELA,10.598,1,-63.486,-6.13698
609,609,7,25,JAPAN,25.93,0,128.425,56.9373
613,613,7,27,VANUATU,-16.074,1,167.393,-0.379435
69,69,7.1,30,JAPAN,31.7,0,132.2,66.0695
73,73,7.1,40,JAPAN,32.2,0,132.1,44.3231
78,78,7.1,20,JAPAN,38.1,0,142.4,76.2205
90,90,7.1,20,JAPAN,37,0,141.7,62.9055
103,103,7.1,20,JAPAN,41.2,0,143.3,78.3042
105,105,7.1,33,JAPAN,34.7,0,137.2,3.51312
112,112,7.1,40,GREECE,35.5,1,27.2,-0.449743
131,131,7.1,30,CHILE,-30,0,-72,41.4496
159,159,7.1,48,RUSSIA,44.426,0,149.272,106.892
199,199,7.1,30,USA,51.228,0,-177.173,44.5989
204,204,7.1,9,RUSSIA,46.5,0,141.2,23.9787
212,212,7.1,10,PAPUA NEW GUINEA,-6,0,152.9,110.327
218,218,7.1,50,RUSSIA,43.3,0,146.4,24.7629
221,221,7.1,40,SOLOMON ISLANDS,-7.4,0,155.6,4.07672
269,269,7.1,63,RUSSIA,55.867,1,161.287,-39.2393
302,302,7.1,11,USA,55.543,0,-156.835,52.4348
337,337,7.1,32,PHILIPPINES,13.525,0,121.067,3.39073
344,344,7.1,11,RUSSIA,52.629,1,142.827,-27.832
348,348,7.1,28,JAPAN,27.929,0,130.175,43.2393
354,354,7.1,21,MEXICO,15.978,0,-98.07,16.6727
382,382,7.1,33,TAIWAN,24.279,0,122.179,41.0755
400,400,7.1,10,NEW ZEALAND,-46.676,0,164.721,150.952
418,418,7.1,34,VANUATU,-20.617,0,169.357,58.6142
448,448,7.1,25,SOLOMON ISLANDS,-8.799,0,157.346,7.03741
463,463,7.1,42,JAPAN,38.276,1,141.588,-0.552795
467,467,7.1,32,VANUATU,-18.365,0,168.143,66.0077
488,488,7.1,26,JAPAN,37.149,0,144.679,299.414
501,501,7.1,16,CHILE,-32.115,0,-110.779,559.068
515,515,7.1,19,NEW ZEALAND,-37.401,0,179.055,53.9042
555,555,7.1,33,CHILE,-44.6,1,-73,-0.627135
585,585,7.1,31,SOLOMON ISLANDS,-10.343,0,160.883,39.5487
610,610,7.1,35,INDONESIA,1.928,0,126.54,67.8311
27,27,7.2,33,JAPAN,40.5,0,142.5,63.3962
54,54,7.2,20,RUSSIA,56.5,1,162.5,-27.9952
81,81,7.2,10,JAPAN,39.9,0,143.7,145.091
113,113,7.2,40,JAPAN,33.1,0,135.6,40.6408
155,155,7.2,25,JAPAN,38.073,0,142.741,104.426
174,174,7.2,23,SOLOMON ISLANDS,-12.334,0,166.684,70.9153
178,178,7.2,15,GREECE,39.368,0,24.957,10.0147
183,183,7.2,44,JAPAN,39.4,0,143.1,90.099
193,193,7.2,7,GUADELOUPE (FRENCH TERRITORY),15.8,0,-59.7,150.416
215,215,7.2,27,RUSSIA,50.5,0,156.6,19.2087
238,238,7.2,65,TONGA,-22.878,0,-175.9,65.7611
252,252,7.2,10,PORTUGAL,38.815,0,-27.78,24.7993
261,261,7.2,37,JAPAN,36.194,0,141.702,89.8203
274,274,7.2,44,RUSSIA,44.117,0,148.192,92.3072
294,294,7.2,10,USA,58.586,0,-143.27,155.76
296,296,7.2,37,CHILE,-24.753,1,-70.433,-13.4209
316,316,7.2,23,SOLOMON ISLANDS,-9.094,0,158.442,31.0205
317,317,7.2,15,USA,40.368,1,-124.316,-5.6941
341,341,7.2,21,PHILIPPINES,12.059,0,125.58,2.02052
380,380,7.2,21,VANUATU,-17.6,0,167.856,29.5831
395,395,7.2,14,JAPAN,33.07,0,136.618,84.1265
407,407,7.2,10,USA,41.301,0,-125.97,153.085
408,408,7.2,36,JAPAN,38.276,0,142.039,38.082
425,425,7.2,35,SOLOMON ISLANDS,-11.61,0,165.762,81.0575
438,438,7.2,22,INDONESIA,3.884,0,126.397,28.2134
454,454,7.2,25,VANUATU,-17.541,0,168.069,14.5955
482,482,7.2,31,JAPAN,37.89,0,143.949,211.049
495,495,7.2,24,MEXICO,17.552,1,-100.816,-36.2158
514,514,7.2,10,NEW CALEDONIA,-22.495,0,173.111,107.798
533,533,7.2,10,IRAN,36.6,1,54.6,-828.885
540,540,7.2,90,VANUATU,-14,0,166.5,66.4495
553,553,7.2,22,PHILIPPINES,6.5,0,124,5.19598
554,554,7.2,50,PAPUA NEW GUINEA,-4.5,0,151.5,11.2798
565,565,7.2,35,SOLOMON ISLANDS,-11.139,0,165.503,39.5018
581,581,7.2,33,MEXICO,17.2,1,-99.5,-56.0198
601,601,7.2,10,EGYPT,28.826,0,34.799,5.1219
11,11,7.3,70,INDONESIA,1.5,0,98,46.5157
55,55,7.3,40,JAPAN,35.4,0,141.8,93.3237
63,63,7.3,10,USA,34.813,0,-120.774,13.3221
84,84,7.3,60,CHILE,-24.5,1,-70,-57.6989
106,106,7.3,20,JAPAN,40.9,0,142.1,59.2368
122,122,7.3,21,TAIWAN,23.8,0,121.7,12.0634
140,140,7.3,33,SOLOMON ISLANDS,-7.5,0,156,45.2638
158,158,7.3,47,TAIWAN,24.4,0,122.1,27.2385
177,177,7.3,40,RUSSIA,43.586,0,146.701,14.238
184,184,7.3,36,PHILIPPINES,16.5,1,122.2,-2.07861
203,203,7.3,51,JAPAN,41.4,0,143.5,64.0848
259,259,7.3,28,MEXICO,18.084,1,-102.084,-16.5441
291,291,7.3,16,TONGA,-17.94,0,-172.225,194.282
318,318,7.3,33,PHILIPPINES,7.191,0,126.762,22.6824
336,336,7.3,33,RUSSIA,43.905,0,147.916,79.0957
356,356,7.3,24,USA,51.478,0,-176.847,15.7338
385,385,7.3,33,SOLOMON ISLANDS,-10.491,0,160.77,56.0186
432,432,7.3,35,NEW CALEDONIA,-20.071,0,168.892,65.7487
435,435,7.3,30,INDONESIA,1.271,0,122.091,21.1988
440,440,7.3,10,HONDURAS,16.72,0,-86.236,31.9769
458,458,7.3,16,VANUATU,-19.702,0,167.947,131.428
464,464,7.3,52,USA,52.05,0,-171.836,44.1631
477,477,7.3,28,NICARAGUA,12.139,0,-88.59,113.217
481,481,7.3,24,GUATEMALA,13.988,0,-91.895,26.0919
502,502,7.3,40,EL SALVADOR,12.526,0,-88.123,63.5109
573,573,7.3,33,SOLOMON ISLANDS,-10,0,159.5,40.4102
575,575,7.3,33,INDONESIA,-1.5,0,137,34.0567
578,578,7.3,45,VANUATU,-18.421,0,168.411,65.1339
589,589,7.3,40,PHILIPPINES,15.78,0,121.71,7.50871
607,607,7.3,23,INDONESIA,-0.691,1,133.305,-3.05826
21,21,7.4,33,JAPAN,34.9,0,132,2.36722
23,23,7.4,33,JAPAN,38.1,0,141.9,34.0153
29,29,7.4,33,JAPAN,40.6,0,142.3,54.1975
99,99,7.4,15,PAPUA NEW GUINEA,-4.175,0,152.071,2.81448
101,101,7.4,10,JAPAN,32,0,132.1,53.9505
128,128,7.4,60,JAPAN,34,0,141.7,177.016
129,129,7.4,30,PERU,-3.4,0,-80.6,17.3795
211,211,7.4,56,JAPAN,33.3,0,140.8,92.6807
213,213,7.4,66,JAPAN,33.3,0,140.7,81.9223
287,287,7.4,55,PAPUA NEW GUINEA,-6.088,0,147.689,8.31393
293,293,7.4,48,PAPUA NEW GUINEA,-6.266,0,149.06,8.38396
340,340,7.4,21,SAMOA,-15.199,0,-173.529,75.1655
396,396,7.4,10,JAPAN,33.184,0,137.071,111.666
427,427,7.4,10,NEW ZEALAND,-49.418,0,163.954,197.642
429,429,7.4,156,MARTINIQUE (FRENCH TERRITORY),14.944,0,-61.274,10.2439
437,437,7.4,36,RUSSIA,46.857,0,155.154,184.939
457,457,7.4,14,JAPAN,26.901,0,143.698,146.239
470,470,7.4,33,NEW ZEALAND,-28.993,0,-176.238,163.045
473,473,7.4,20,MEXICO,16.493,1,-98.231,-29.0528
494,494,7.4,35,SOLOMON ISLANDS,-11.451,0,162.069,68.351
593,593,7.4,17,TAIWAN,22.282,0,121.512,23.8437
597,597,7.4,29,JAPAN,39.837,0,142.76,63.0836
600,600,7.4,23,MEXICO,16.779,1,-98.597,-32.656
8,8,7.5,80,INDONESIA,-7,0,119,18.73
18,18,7.5,33,USA TERRITORY,18.1,0,-65.1,18.1049
26,26,7.5,33,JAPAN,28,0,130.3,44.0711
36,36,7.5,80,JAPAN,34.5,0,141.5,127.364
64,64,7.5,35,RUSSIA,55.663,1,160.039,-110.398
89,89,7.5,0,JAPAN,37.5,0,141.8,68.7864
98,98,7.5,10,JAPAN,44.2,0,139.5,119.454
108,108,7.5,15,DOMINICAN REPUBLIC,19.5,0,-69.5,19.1088
117,117,7.5,60,PAPUA NEW GUINEA,-5.5,0,154,60.7947
119,119,7.5,65,GUATEMALA,14.31,1,-91.917,-2.02211
120,120,7.5,50,MEXICO,16.48,1,-98.22,-29.0528
142,142,7.5,20,JAPAN,39.8,0,143.4,118.65
163,163,7.5,40,JAPAN,38.65,0,139.2,20.2884
179,179,7.5,30,JAPAN,32.3,0,132.5,44.7581
182,182,7.5,33,JAPAN,41.5,0,142.7,65.2132
210,210,7.5,33,TAIWAN,22.5,0,122.3,83.641
214,214,7.5,43,MEXICO,18.48,1,-103,-36.2997
216,216,7.5,33,PHILIPPINES,13.4,0,122.8,12.3941
232,232,7.5,5,GUATEMALA,15.324,1,-89.101,-62.3712
243,243,7.5,33,RUSSIA,44.932,0,148.439,29.1178
262,262,7.5,33,TONGA,-24.133,0,-175.864,203.007
308,308,7.5,11,USA TERRITORY,15.125,0,147.596,188.36
323,323,7.5,71,RUSSIA,51.218,0,157.829,29.6503
353,353,7.5,10,PERU,-9.593,0,-79.587,115.398
368,368,7.5,33,TAIWAN,22.306,0,125.308,246.68
370,370,7.5,33,VANUATU,-16.423,0,168.214,1.59019
381,381,7.5,31,PHILIPPINES,6.033,0,124.249,13.05
386,386,7.5,24,MEXICO,18.77,0,-104.104,14.0932
398,398,7.5,10,INDONESIA,-8.152,0,124.868,3.51317
445,445,7.5,81,INDONESIA,-0.72,0,99.867,29.1633
453,453,7.5,35,INDIA,7.881,0,91.936,133.705
461,461,7.5,32,JAPAN,38.435,0,142.842,110.885
483,483,7.5,10,USA,55.393,0,-134.652,53.4026
496,496,7.5,31,PAPUA NEW GUINEA,-6.72,0,154.931,30.5965
505,505,7.5,40,PAPUA NEW GUINEA,-4.76,0,152.556,18.4863
527,527,7.5,80,PERU,-17.3,1,-70.8,-65.3277
539,539,7.5,130,INDONESIA,-2,0,100,36.5795
552,552,7.5,33,PAPUA NEW GUINEA,-7,1,143,-81.9698
567,567,7.5,60,PHILIPPINES,14.5,1,121.5,-14.3551
588,588,7.5,33,CHILE,-21.7,1,-69.5,-62.1882
608,608,7.5,5,INDIA,14.099,0,92.888,37.6893
612,612,7.5,42,PAPUA NEW GUINEA,-5.465,1,151.886,-7.61766
20,20,7.6,12,NEW ZEALAND,-40.2,0,173,34.318
34,34,7.6,50,INDONESIA,2,0,94.5,144.597
71,71,7.6,60,JAPAN,41.2,0,142.5,89.7753
86,86,7.6,35,JAPAN,25.321,0,125.115,47.179
88,88,7.6,30,JAPAN,37.2,0,141.7,60.7441
100,100,7.6,55,INDIA,12.5,0,92.5,19.3138
136,136,7.6,60,ECUADOR,1.5,0,-79.5,48.3422
151,151,7.6,74,JAPAN,31.6,0,131.8,33.2079
166,166,7.6,6,INDONESIA,-2.4,0,126.1,4.40752
168,168,7.6,20,USA,50.32,0,177.93,144.51
185,185,7.6,25,INDONESIA,1.4,0,126.2,17.6752
194,194,7.6,73,PHILIPPINES,6.8,0,126.7,35.9123
228,228,7.6,50,PHILIPPINES,12.54,0,125.993,63.4843
234,234,7.6,33,SAMOA,-16.696,0,-172.095,192.199
236,236,7.6,19,SOLOMON ISLANDS,-9.89,0,160.348,7.23067
244,244,7.6,33,RUSSIA,44.244,0,148.862,107.669
248,248,7.6,49,MEXICO,17.813,1,-101.276,-34.2963
257,257,7.6,33,NEW ZEALAND,-48.786,0,164.357,183.572
282,282,7.6,31,MEXICO,17.802,1,-101.647,-8.38585
288,288,7.6,62,CHILE,-24.388,1,-70.161,-36.6786
300,300,7.6,36,SOLOMON ISLANDS,-10.258,0,160.896,39.7666
315,315,7.6,10,COSTA RICA,9.685,1,-83.073,-20.8375
369,369,7.6,13,TURKEY,40.76,1,29.97,-3.76753
371,371,7.6,26,INDONESIA,-1.105,0,123.573,19.6568
383,383,7.6,13,PAPUA NEW GUINEA,-3.302,0,142.945,4.96036
436,436,7.6,17,INDONESIA,-0.414,0,132.885,1.66406
439,439,7.6,34,TONGA,-23.046,0,-174.659,177.104
446,446,7.6,45,VANUATU,-13.006,0,166.51,7.0818
465,465,7.6,17,NEW ZEALAND,-29.539,0,-176.34,151.983
478,478,7.6,28,PHILIPPINES,10.811,0,126.638,72.046
479,479,7.6,35,COSTA RICA,10.085,1,-85.315,-6.66338
492,492,7.6,40,CHILE,-20.4,1,-70.135,-3.23282
493,493,7.6,29,SOLOMON ISLANDS,-11.315,0,162.211,50.0022
521,521,7.6,35,CHILE,-43.416,1,-73.88,-1.49389
558,558,7.6,25,CHILE,-35,1,-72,-18.2447
582,582,7.6,45,PAPUA NEW GUINEA,-5.7,1,150.7,-16.9251
584,584,7.6,48,TAIWAN,24.1,0,122.6,52.574
57,57,7.7,20,JAPAN,34.9,0,140.2,20.7382
65,65,7.7,60,MEXICO,15.67,0,-96.1,7.41293
67,67,7.7,35,MEXICO,16.028,1,-97.036,-19.9213
83,83,7.7,60,INDONESIA,4.5,0,126.5,24.6919
85,85,7.7,40,JAPAN,38.2,0,142.2,52.5948
87,87,7.7,30,JAPAN,37.1,0,141.7,61.9463
97,97,7.7,35,TURKEY,39.77,1,39.533,-133.243
118,118,7.7,33,COSTA RICA,11,1,-85,-75.5987
192,192,7.7,51,RUSSIA,57.7,0,163.6,15.8423
217,217,7.7,48,JAPAN,43.2,0,145.8,13.9069
225,225,7.7,33,ATLANTIC OCEAN,35.997,0,-17.649,341.832
245,245,7.7,44,JAPAN,38.19,0,142.03,40.0841
251,251,7.7,24,COLOMBIA,1.598,0,-79.358,32.8396
258,258,7.7,25,SAMOA,-14.96,0,-173.085,115.582
271,271,7.7,15,CHILE,-26.535,1,-70.563,-10.9111
272,272,7.7,10,UK TERRITORY,-6.852,0,72.11,53.2586
320,320,7.7,40,NICARAGUA,11.727,0,-87.386,78.372
324,324,7.7,17,JAPAN,42.851,0,139.197,59.3698
343,343,7.7,20,NEW CALEDONIA,-23.008,0,169.9,110.045
346,346,7.7,30,PAPUA NEW GUINEA,-5.799,0,154.178,57.0361
362,362,7.7,33,PERU,-14.993,0,-75.675,15.6242
364,364,7.7,33,SOLOMON ISLANDS,-12.584,0,166.676,55.9098
366,366,7.7,167,TONGA,-22.1,0,-176.77,63.0675
412,412,7.7,34,INDONESIA,-9.254,0,107.411,174.493
428,428,7.7,40,CHILE,-22.247,1,-69.89,-34.1511
480,480,7.7,14,CANADA,52.788,1,-132.101,-0.119586
563,563,7.7,60,PANAMA,8,0,-82.5,16.4015
604,604,7.7,60,EL SALVADOR,13.049,0,-88.66,16.6957
42,42,7.8,60,JAPAN,38.3,0,142.9,114.775
49,49,7.8,33,RUSSIA,44.5,0,151.5,188.275
50,50,7.8,33,CHILE,-26,0,-71,31.4474
68,68,7.8,50,USA,50.88,0,-169.71,197.572
72,72,7.8,35,SOLOMON ISLANDS,-10.932,0,161.016,65.6118
115,115,7.8,33,TONGA,-21,0,-174,89.945
126,126,7.8,25,PHILIPPINES,9.5,0,127.25,117.567
133,133,7.8,20,GREECE,36.9,1,26,-1.44951
172,172,7.8,47,CHILE,-25.5,0,-70.7,6.08263
173,173,7.8,83,SOLOMON ISLANDS,-11.893,0,166.445,45.2131
186,186,7.8,23,INDONESIA,0.2,1,119.8,-1.63162
189,189,7.8,22,PORTUGAL,36.017,0,-10.95,206.658
200,200,7.8,58,CHILE,-32.5,1,-71.2,-23.2255
209,209,7.8,33,RUSSIA,56,0,163.3,13.4398
229,229,7.8,33,SAMOA,-16.265,0,-172.467,138.884
266,266,7.8,24,JAPAN,40.462,0,139.102,66.6121
284,284,7.8,29,NEW ZEALAND,-28.117,0,-176.367,192.831
285,285,7.8,34,TAIWAN,23.901,1,121.574,-1.68125
297,297,7.8,15,USA,57.262,0,-142.747,296.068
321,321,7.8,28,INDONESIA,-8.48,0,121.896,3.56105
326,326,7.8,59,USA TERRITORY,12.982,0,144.801,30.9641
330,330,7.8,18,INDONESIA,-10.477,0,112.835,221.256
338,338,7.8,27,JAPAN,40.525,0,143.419,138.365
367,367,7.8,33,RUSSIA,54.841,1,162.035,-5.05323
391,391,7.8,33,USA,51.146,0,178.65,44.6095
430,430,7.8,153,KERMADEC ISLANDS,-25.996,0,-177.514,363.306
441,441,7.8,12,NEW ZEALAND,-45.762,1,166.562,-0.0849733
452,452,7.8,31,INDONESIA,2.383,0,97.048,17.9201
456,456,7.8,20,INDONESIA,-3.487,0,100.082,34.2136
489,489,7.8,10,ANTARCTICA,-60.296,0,-46.362,24.6816
512,512,7.8,24,INDONESIA,-4.908,0,94.275,623.591
513,513,7.8,21,ECUADOR,0.382,1,-79.922,-5.83165
518,518,7.8,41,SOLOMON ISLANDS,-10.665,0,161.335,19.3544
548,548,7.8,35,PAPUA NEW GUINEA,-4.852,0,153.714,63.517
551,551,7.8,35,VANUATU,-19.919,0,168.53,84.1496
564,564,7.8,35,SOLOMON ISLANDS,-11.907,0,166.731,23.9359
566,566,7.8,30,PAPUA NEW GUINEA,-3.824,1,141.416,-106.18
28,28,7.9,33,NEW CALEDONIA,-22,0,170,130.702
56,56,7.9,33,JAPAN,35.1,0,139.5,10.655
75,75,7.9,54,MEXICO,19.452,1,-103.632,-76.5069
79,79,7.9,55,PHILIPPINES,17.5,0,119,139.892
107,107,7.9,15,DOMINICAN REPUBLIC,19.25,0,-69,18.5974
135,135,7.9,25,MEXICO,16.5,0,-99.1,11.5895
161,161,7.9,28,RUSSIA,44.772,0,150.563,118.13
196,196,7.9,43,PERU,-9.2,0,-78.8,17.702
201,201,7.9,47,PAPUA NEW GUINEA,-5.5,0,153.9,73.4014
202,202,7.9,48,PAPUA NEW GUINEA,-4.9,0,153.2,28.8586
227,227,7.9,49,PAPUA NEW GUINEA,-6.59,0,155.054,12.243
250,250,7.9,5,INDONESIA,-1.679,1,136.04,-1.1533
255,255,7.9,33,SOLOMON ISLANDS,-12.525,0,165.916,90.9331
265,265,7.9,89,PAPUA NEW GUINEA,-4.883,0,153.581,66.4149
295,295,7.9,10,USA,58.679,0,-142.786,155.092
350,350,7.9,33,RUSSIA,44.663,0,149.3,83.246
351,351,7.9,24,INDONESIA,0.729,0,119.931,11.7209
355,355,7.9,33,USA,51.564,0,-177.632,8.40637
372,372,7.9,10,AUSTRALIA,-13.802,0,97.453,188.444
484,484,7.9,24,SOLOMON ISLANDS,-10.766,0,165.114,65.2577
498,498,7.9,108,USA,51.797,0,178.76,13.9757
520,520,7.9,103,PAPUA NEW GUINEA,-4.509,0,153.45,40.2176
523,523,7.9,136,PAPUA NEW GUINEA,-6.214,0,55.122,159.995
545,545,7.9,35,PAPUA NEW GUINEA,-4.739,0,152.548,18.4863
569,569,7.9,35,SOLOMON ISLANDS,-9.295,0,159.234,17.7054
0,0,8,70,GREECE,35,0,23,53.4261
5,5,8,30,PERU,-11.996,0,-77.198,4.87902
22,22,8,70,INDONESIA,1,0,126.25,13.7423
33,33,8,33,PAPUA NEW GUINEA,-7,0,149,92.3951
38,38,8,100,USA TERRITORY,12.5,0,145,88.304
39,39,8,160,JAPAN,28,0,130,29.0649
44,44,8,60,NEW ZEALAND,-29.2,0,-177,86.6541
230,230,8,33,NEW ZEALAND,-28.427,0,-177.657,93.3547
233,233,8,33,PHILIPPINES,6.292,0,124.09,2.60118
239,239,8,33,INDONESIA,-11.085,0,118.464,168.316
279,279,8,33,CHILE,-33.132,1,-71.708,-1.59329
281,281,8,28,MEXICO,18.19,1,-102.533,-15.9574
283,283,8,31,USA,51.52,0,-174.776,52.2344
345,345,8,46,CHILE,-23.34,1,-70.294,-22.3568
347,347,8,33,MEXICO,19.055,1,-104.205,-7.72175
376,376,8,33,PAPUA NEW GUINEA,-3.98,0,152.169,16.95
411,411,8,55,TONGA,-20.187,0,-174.123,40.6589
424,424,8,39,PERU,-13.386,0,-76.603,35.4407
570,570,8,150,INDONESIA,0,0,123,41.6635
41,41,8.1,15,INDONESIA,-1.829,0,136.943,2.45743
51,51,8.1,25,TONGA,-18.352,0,-172.515,152.146
74,74,8.1,33,MEXICO,19.5,1,-104.25,-43.6883
104,104,8.1,30,JAPAN,34,0,137.1,33.9457
109,109,8.1,20,JAPAN,33,0,135.6,48.912
123,123,8.1,45,JAPAN,42.15,0,143.85,43.7118
171,171,8.1,38,PERU,-10.748,0,-78.638,75.7474
224,224,8.1,13,PERU,-12.27,0,-77.79,61.2111
237,237,8.1,33,SOLOMON ISLANDS,-9.965,0,160.731,8.24351
301,301,8.1,10,AUSTRALIA,-52.341,0,160.568,260.354
402,402,8.1,10,AUSTRALIA,-49.312,0,161.345,364.336
417,417,8.1,10,RUSSIA,46.243,0,154.524,190.488
420,420,8.1,10,SOLOMON ISLANDS,-8.46,0,157.044,15.5756
444,444,8.1,18,SAMOA,-15.489,0,-172.095,164.942
535,535,8.1,33,PHILIPPINES,12,0,126,49.3697
603,603,8.1,10,ANTARCTICA,-62.877,0,149.527,355.256
48,48,8.2,33,RUSSIA,45.5,0,151.5,108.563
91,91,8.2,25,USA,55.48,0,-158.37,45.812
102,102,8.2,35,CHILE,-30.75,0,-72,26.2618
139,139,8.2,60,RUSSIA,52.5,0,159.5,64.7994
144,144,8.2,35,CHILE,-37.872,1,-73.243,-23.6638
181,181,8.2,7,JAPAN,40.8,0,143.2,127.128
191,191,8.2,30,RUSSIA,43.6,0,147.9,82.6587
352,352,8.2,33,INDONESIA,-0.891,0,136.952,43.9819
475,475,8.2,25,INDONESIA,0.802,0,92.463,403.925
491,491,8.2,20,CHILE,-19.642,0,-70.817,61.0578
538,538,8.2,25,CHILE,-33,0,-72,23.1306
7,7,8.3,33,JAPAN,38.5,0,144,194.281
9,9,8.3,75,INDONESIA,-2.5,0,100.5,39.6237
12,12,8.3,33,GUADELOUPE (FRENCH TERRITORY),16.5,0,-62.2,19.7513
13,13,8.3,100,INDONESIA,-5.25,0,129.75,77.3811
31,31,8.3,30,RUSSIA,52,0,159,44.3338
46,46,8.3,25,SAMOA,-15.5,0,-173,86.7778
47,47,8.3,33,PHILIPPINES,5.5,0,123,133.46
53,53,8.3,19,RUSSIA,54,0,161,53.5699
137,137,8.3,40,RUSSIA,44.53,0,148.54,67.4496
334,334,8.3,14,RUSSIA,43.773,0,147.321,34.46
389,389,8.3,27,JAPAN,41.815,0,143.91,55.1698
415,415,8.3,10,RUSSIA,46.592,0,153.266,95.943
509,509,8.3,22,CHILE,-31.573,0,-71.674,8.16159
571,571,8.3,33,PHILIPPINES,10.5,1,122,-3.08092
10,10,8.4,30,RUSSIA,52,1,158,-16.2828
77,77,8.4,35,JAPAN,39.224,0,144.622,222.407
377,377,8.4,33,PERU,-16.265,0,-73.641,3.79204
426,426,8.4,34,INDONESIA,-4.438,0,101.367,58.8543
526,526,8.4,40,PERU,-9,0,-79,32.8417
536,536,8.4,25,VENEZUELA,11,0,-66,48.7107
1,1,8.5,60,PERU,-12.3,0,-77.7,55.0654
2,2,8.5,30,PERU,-17.88,1,-70.94,-5.23181
4,4,8.5,30,PERU,-13.5,0,-76.5,17.3214
15,15,8.5,70,INDONESIA,-1,0,97.5,102.784
19,19,8.5,25,CHILE,-18.6,0,-71,59.8526
160,160,8.5,13,RUSSIA,44.772,0,149.798,90.1882
134,134,8.6,33,USA,51.292,0,-175.629,62.0724
474,474,8.6,20,INDONESIA,2.327,0,93.063,268.767
24,24,8.7,33,PHILIPPINES,6,0,122,8.66413
52,52,8.7,35,CHILE,-28.553,1,-70.755,-46.2504
167,167,8.7,36,USA,51.29,0,178.55,34.4704
405,405,8.7,30,INDONESIA,2.085,1,97.108,-0.75595
32,32,8.8,25,ECUADOR,1,0,-81.5,159.122
450,450,8.8,23,CHILE,-36.122,0,-72.898,7.47777
127,127,9,22,RUSSIA,52.755,0,160.057,38.9508
403,403,9.1,30,INDONESIA,3.316,0,95.854,41.1042
462,462,9.1,30,JAPAN,38.297,0,142.372,69.2911
145,145,9.5,33,CHILE,-38.143,1,-73.407,-3.15413
